ward_key,ward_id,ward_name,district,pred_baseline_trips,pred_gain_trips,delta_stops,delta_routes,investment_cost_units,roi_gain_per_cost
CANT_1,CANT_1,DELHI CANTT CHARGE 1,New Delhi,-0.4683898143433136,0.27571868708775116,4.560521708134643,47.304641768662364,477.60693939475823,0.0005772920457072402
CANT_2,CANT_2,DELHI CANTT CHARGE 2,New Delhi,-0.37916850364730886,0.38557958413440374,45.704133125153106,317.1850511986217,3217.55464511137,0.0001198362193226831
CANT_4,CANT_4,DELHI CANTT CHARGE 4,South,-0.33480133421539454,0.3934304984267093,48.869285006453076,249.7107250168308,2545.976535174761,0.00015453029240096626
CANT_5,CANT_5,DELHI CANTT CHARGE 5,New Delhi,-0.4254374122439127,0.2862384860026571,17.202590064356738,93.75877626864197,954.7903527507764,0.00029979197546110164
CANT_6,CANT_6,DELHI CANTT CHARGE 6,New Delhi,-0.23036120895091894,0.4783650931450524,82.36248781908928,535.2850433129337,5435.2129209484265,8.801220855603412e-05
CANT_7,CANT_7,DELHI CANTT CHARGE 7,New Delhi,-0.5297275464515935,0.4076485846432547,27.143326165738156,175.92316027677055,1786.3749289334437,0.00022819878293209889
CANT_8,CANT_8,DELHI CANTT CHARGE 8,New Delhi,-0.2140238796654279,0.04322451789376844,2.147982789576431,0.0,2.147982789576431,0.020123307357676146
CANT_3,CANT_3,DELHI CANTT CHARGE 3,New Delhi,-0.3150464173676539,0.21747129850296104,18.134023341649975,86.51433175218199,883.2773408634698,0.000246209529489481
NDMC_1,NDMC_1,NDMC CHARGE 1,South East,0.5548250048152308,0.0,0.0,0.0,0.0,0.0
NDMC_2,NDMC_2,NDMC CHARGE 2,Central,0.12478739567501694,0.0,0.0,0.0,0.0,0.0
NDMC_3,NDMC_3,NDMC CHARGE 3,Central,-0.15369555504350513,0.17225339027070066,29.371267243752005,54.04954136041283,569.8666808478803,0.0003022696291246752
NDMC_4,NDMC_4,NDMC CHARGE 4,New Delhi,1.1732507242760266,0.0,0.0,0.0,0.0,0.0
NDMC_5,NDMC_5,NDMC CHARGE 5,South East,-0.08006500136994796,0.13831797592058176,0.0,158.33611182050473,1583.3611182050472,8.73571886603458e-05
NDMC_7,NDMC_7,NDMC CHARGE 7,South East,-0.12213775240574715,0.03487875728031377,2.698846734299304,0.0,2.698846734299304,0.012923578365573875
NDMC_8,NDMC_8,NDMC CHARGE 8,New Delhi,-0.30719696954759484,0.21136142609771785,0.0,40.88019692734311,408.80196927343104,0.0005170264381868223
NDMC_9,NDMC_9,NDMC CHARGE 9,South East,-0.2060536899741994,0.32947531913815775,42.61209888271135,278.3720035136972,2826.3321340196835,0.00011657346112024448
NDMC_6,NDMC_6,NDMC CHARGE 6,South East,-0.2814640053430622,0.08008318523794411,0.1702618059459523,19.27823646630308,192.95262646897677,0.0004150406589588713
80,80,CHANDNI CHOWK,Central,-0.2907567799589574,0.12435047122599713,7.605893150025192,12.768984429755111,135.2957374475763,0.0009191011747377534
81,81,MINTO ROAD,Central,1.5853845238454802,0.0,0.0,0.0,0.0,0.0
108,108,KHYALA,West,-0.5912504458830877,0.3104398793814849,7.659622556606752,66.46733505279785,672.3329730845853,0.00046173531837470524
109,109,JANAK PURI NORTH,West,-0.05394216841394227,0.02887705298238087,2.0204285355387515,0.0,2.0204285355387515,0.014292538666995319
11,11,MUKHERJEE NAGAR,Central,-0.35123363666363583,0.16446728853999112,1.3798141987510695,74.29565813014698,744.3363955002209,0.00022095827845317468
117,117,JANAK PURI WEST,South West,0.17935617766849762,0.0,0.0,0.0,0.0,0.0
118,118,JANAK PURI SOUTH,New Delhi,0.10915213462596579,0.0,0.0,0.0,0.0,0.0
119,119,MILAP NAGAR,South West,0.37357608320760893,0.0,0.0,0.0,0.0,0.0
120,120,SITA PURI,South West,0.09568525337506337,0.0,0.0,0.0,0.0,0.0
133,133,CHHAWLA,South West,4.388058661699621,4.030385877640806,476.4475105319377,3221.766287858114,32694.110389113077,0.00012327559397312045
134,134,NANGLI SAKRAVATI,South West,0.04558197894786482,0.567318139289418,109.47081184318898,678.3511580008882,6892.982391852071,8.230372675257964e-05
135,135,KAKRAULA,South West,-0.27877370246887245,0.33916056251022764,42.41128290693404,272.4115159115997,2766.526442022931,0.00012259436864883356
140,140,KHERA,South West,3.770037259372304,3.6979599443237094,484.9353393923342,3269.327339192374,33178.208731316074,0.00011145749230377189
241,241,DILSHAD GARDEN,Shahdara,-0.5909125556946766,0.21178294463720515,7.130007871287785,83.1171047800874,838.3010556721619,0.0002526335177606831
242,242,NEW SEEMA PURI,Shahdara,0.2672610102899146,0.0,0.0,0.0,0.0,0.0
243,243,NAND NAGRI,Shahdara,-0.6519156021808468,0.25875309188172796,3.635205983990112,26.20701768928998,265.70538287688987,0.0009738345873129828
244,244,SUNDER NAGARI,Shahdara,-0.4633635120278262,0.020505270497216233,0.9045253991257992,0.0,0.9045253991257992,0.022669645865516223
246,246,ASHOK NAGAR,Shahdara,-0.5840145491755718,0.11222369422728123,3.050595454340526,12.947787939718484,132.52847485152537,0.0008467892983161632
247,247,RAM NAGAR,Shahdara,-0.5707833782543376,0.15065130859080061,5.299192235320621,37.15219144511282,376.8211066864488,0.0003997953031748753
248,248,WELCOME COLONY,Shahdara,-0.6884118174931398,0.2301217750382487,7.054932877177041,51.0097869525023,517.1528024022001,0.00044497830035702566
249,249,CHAUHAN BANGER,Shahdara,-0.4974523141301228,0.05541578403066111,1.4066231265044884,0.0,1.4066231265044884,0.039396326526334804
250,250,ZAFFRABAD,Shahdara,-0.26842479971496136,0.0,0.0,0.0,0.0,0.0
252,252,MAUJPUR,Shahdara,-0.44963701290666885,0.0,0.0,0.0,0.0,0.0
256,256,YAMUNA VIHAR,Shahdara,-0.31150853462329886,0.0,0.0,0.0,0.0,0.0
257,257,SUBHASH MOHALLA,Shahdara,-0.7046806769498375,0.13915434803413496,2.3236665927643076,17.17675712823342,174.0912378750985,0.0007993185052378784
258,258,KARDAM PURI,Shahdara,-0.44591851283160144,0.05173866290892404,2.0447865101305083,5.9773970430426875,61.81875694055738,0.0008369411723667798
260,260,BABAR PUR,Shahdara,-0.5474989010151102,0.13418492667578097,2.3311155897175198,11.742167549503721,119.75279108475473,0.0011205160686375269
261,261,JIWANPUR,North East,-0.6037666237277004,0.2680418653923341,10.377538203770188,56.662761646958174,577.005154673352,0.0004645398108160933
262,262,GOKALPUR,Shahdara,-0.5849408785607628,0.14755667834584346,4.877083209957105,20.85076444901427,213.3847277000998,0.0006915053384351599
263,263,SABOLI,Shahdara,-0.5818328458602187,0.18273055754639372,8.828645135785942,40.119431515751806,410.02296029330404,0.0004456593294561709
264,264,HARSH VIHAR,Shahdara,-0.6506380441666886,0.30434651960057085,17.021657059878148,119.96159594027927,1216.6376164626708,0.00025015379722122765
266,266,KARAWAL NAGAR EAST,North East,-0.6271645443749544,0.2892964821858541,7.403916943163203,56.28406945276989,570.2446114708621,0.0005073199752631578
268,268,MUSTAFABAD,North East,-0.6009091803614033,0.24772577215501795,6.663031964309548,46.97268740294578,476.38990599376734,0.0005200063415234053
269,269,KHAJOORI KHAS,Central,-0.34063398904220266,0.05162546386166744,0.0,12.047901233251341,120.4790123325134,0.00042850171877867305
271,271,KARAWAL NAGAR WEST,North East,-0.5402574457140673,0.2867858205317402,8.628578425259352,89.84935611941772,907.1221396194366,0.0003161490696850799
272,272,SONIA VIHAR,Central,-0.42134992062983917,0.38291156564743317,30.839004607993527,297.31099606011196,3003.948965209113,0.00012746939781004243
154,154,NIZAMUDDIN,South East,-0.23079641622511313,0.23951277060105947,21.456470657920914,151.4024049708729,1535.48052036665,0.00015598554812255866
154,154,NIZAMUDDIN,South East,-0.23079641622511313,0.23951277060105947,21.456470657920914,151.4024049708729,1535.48052036665,0.00015598554812255866
156,156,BHOGAL,South East,-0.39582234596758514,0.13394725872028185,3.125284514176544,18.98512546912462,192.97653920542274,0.0006941116224340692
156,156,BHOGAL,South East,-0.39582234596758514,0.13394725872028185,3.125284514176544,18.98512546912462,192.97653920542274,0.0006941116224340692
157,157,KASTURBA NAGAR,South East,-0.16579523556645342,0.08177945488993581,0.0,40.25501398602714,402.5501398602714,0.00020315346286581596
157,157,KASTURBA NAGAR,South East,-0.16579523556645342,0.08177945488993581,0.0,40.25501398602714,402.5501398602714,0.00020315346286581596
160,160,AMAR COLONY,South East,-0.08230833104811382,0.0,0.0,0.0,0.0,0.0
160,160,AMAR COLONY,South East,-0.08230833104811382,0.0,0.0,0.0,0.0,0.0
161,161,MALVIYA NAGAR,South,-0.06300169239453104,0.13828846990592003,0.0,108.52355857693826,1085.2355857693826,0.00012742714275053226
162,162,HAUZ RANI,South,-0.5273550577965717,0.2530895934331951,4.734077732182327,33.4019505655854,338.7535833880363,0.0007471200478565515
159,159,ANDREWSGANJ,South East,-0.3184403258341384,0.17534697431202992,6.378396056387066,70.38761411012335,710.2545371576206,0.0002468790625590468
159,159,ANDREWSGANJ,South East,-0.3184403258341384,0.17534697431202992,6.378396056387066,70.38761411012335,710.2545371576206,0.0002468790625590468
165,165,VASANT VIHAR,South,-0.36744291523255984,0.3756499551845125,25.008639464608308,224.2815533089564,2267.8241725541725,0.00016564333325773894
166,166,MUNIRKA,South,0.2717444727689225,0.0,0.0,0.0,0.0,0.0
168,168,NANAK PURA,New Delhi,-0.22971051406095908,0.1307980813321829,7.042320302001287,27.68058704673907,283.84819076939203,0.0004608029418020386
171,171,VASANTKUNJ,South,-0.4240263116947855,0.3859982832384702,28.761099836953704,236.66837065058272,2395.444806342781,0.00016113845838411434
180,180,DAKSHINPURI EXT.,South East,-0.5800725056824849,0.30355029593939326,7.559625609952713,61.815668320642544,625.7163088163782,0.00048512447520045
180,180,DAKSHINPURI EXT.,South East,-0.5800725056824849,0.30355029593939326,7.559625609952713,61.815668320642544,625.7163088163782,0.00048512447520045
181,181,KHANPUR,South,-0.39611475931977785,0.24344640014532237,13.250914439928476,86.07369976346857,873.9879120746141,0.0002785466443891278
182,182,AMBEDKAR NAGAR,South,-0.6288893415444963,0.19824609416535605,2.723906204822396,13.268198865564546,135.40589486046784,0.0014640876186976888
182,182,AMBEDKAR NAGAR,South,-0.6288893415444963,0.19824609416535605,2.723906204822396,13.268198865564546,135.40589486046784,0.0014640876186976888
184,184,PUSHP VIHAR,South,-0.3188684626098474,0.10123932067166469,0.6305961528354358,31.828772772214798,318.9183238749834,0.0003174459198243913
185,185,TUGHLAKABAD EXTN,South East,-0.19373898351347216,0.012453345420817524,0.6810054199189841,1.7753473544720424,18.43447896463941,0.0006755463739457837
185,185,TUGHLAKABAD EXTN,South East,-0.19373898351347216,0.012453345420817524,0.6810054199189841,1.7753473544720424,18.43447896463941,0.0006755463739457837
188,188,SANGAM VIHAR EAST,South East,-0.5084784709204182,0.397529437917268,29.98573492870061,183.96362447041906,1869.6219796328912,0.00021262556936515697
188,188,SANGAM VIHAR EAST,South East,-0.5084784709204182,0.397529437917268,29.98573492870061,183.96362447041906,1869.6219796328912,0.00021262556936515697
189,189,CHIRAG DELHI,South East,-0.3711319108533224,0.19619340571107563,1.3106348435769408,80.81109291342416,809.4215639778186,0.00024238717430094281
189,189,CHIRAG DELHI,South East,-0.3711319108533224,0.19619340571107563,1.3106348435769408,80.81109291342416,809.4215639778186,0.00024238717430094281
190,190,CHITRANJAN PARK,South East,-0.43390911953859473,0.2342786898144697,5.098528285220206,80.42882283040599,809.3867565892801,0.0002894520918546039
190,190,CHITRANJAN PARK,South East,-0.43390911953859473,0.2342786898144697,5.098528285220206,80.42882283040599,809.3867565892801,0.0002894520918546039
191,191,SHAPUR JAT,South East,-0.3101255150236358,0.1935827528240599,5.897274813829721,117.3871417285666,1179.7686920994956,0.00016408534496656235
192,192,GREATER KAILASH-I,South East,-0.479715297427407,0.35762472075202084,18.031598483640142,165.67817960605186,1674.8133945441587,0.0002135310846669838
192,192,GREATER KAILASH-I,South East,-0.479715297427407,0.35762472075202084,18.031598483640142,165.67817960605186,1674.8133945441587,0.0002135310846669838
193,193,SRI NIWASPURI,South East,-0.24390895507236024,0.13615001211009953,2.4497175286978274,86.47047073796872,867.1544249083852,0.00015700780414552664
193,193,SRI NIWASPURI,South East,-0.24390895507236024,0.13615001211009953,2.4497175286978274,86.47047073796872,867.1544249083852,0.00015700780414552664
194,194,EAST OF KAILASH,South East,-0.2117658965301087,0.052946707719499886,0.806494586625052,20.59314347649927,206.7379293516178,0.00025610543689441985
194,194,EAST OF KAILASH,South East,-0.2117658965301087,0.052946707719499886,0.806494586625052,20.59314347649927,206.7379293516178,0.00025610543689441985
195,195,GOVIND PURI,South East,-0.43083179589727255,0.07848613272363852,0.0,9.602573037209982,96.02573037209982,0.0008173448139231779
195,195,GOVIND PURI,South East,-0.43083179589727255,0.07848613272363852,0.0,9.602573037209982,96.02573037209982,0.0008173448139231779
196,196,KALKAJI,South East,-0.24440860159850072,0.12657926327216618,0.0,26.966254367328265,269.66254367328264,0.0004693987587132513
196,196,KALKAJI,South East,-0.24440860159850072,0.12657926327216618,0.0,26.966254367328265,269.66254367328264,0.0004693987587132513
197,197,TUGHLAKABAD,South East,-0.3518187828922686,0.3276639841707728,26.358513906909497,218.66283609679195,2212.986874874829,0.0001480641335431138
197,197,TUGHLAKABAD,South East,-0.3518187828922686,0.3276639841707728,26.358513906909497,218.66283609679195,2212.986874874829,0.0001480641335431138
198,198,PUL PEHLAD,South East,-0.47498000189101547,0.3148142930999861,16.253331351361975,97.0219852360409,986.4731837117711,0.0003191311211472828
198,198,PUL PEHLAD,South East,-0.47498000189101547,0.3148142930999861,16.253331351361975,97.0219852360409,986.4731837117711,0.0003191311211472828
199,199,TEKHAND,South East,-0.3037998999996925,0.1952866421244695,9.273753351708347,88.80686941820301,897.3424475337384,0.0002176277770665802
199,199,TEKHAND,South East,-0.3037998999996925,0.1952866421244695,9.273753351708347,88.80686941820301,897.3424475337384,0.0002176277770665802
200,200,HARKESH NAGAR,South East,-0.5308418659838352,0.341239469008343,13.177485579829748,95.94337696310404,972.6112552108701,0.0003508487766101459
200,200,HARKESH NAGAR,South East,-0.5308418659838352,0.341239469008343,13.177485579829748,95.94337696310404,972.6112552108701,0.0003508487766101459
203,203,BADAR PUR,South East,-0.5458319519150454,0.36013360606144895,14.444639614013363,114.20125039048729,1156.4571435188861,0.0003114111128799095
203,203,BADAR PUR,South East,-0.5458319519150454,0.36013360606144895,14.444639614013363,114.20125039048729,1156.4571435188861,0.0003114111128799095
206,206,OKHLA,South East,-0.45746370769104994,0.2895542856495321,11.720324831088135,151.64965082840422,1528.2168331151304,0.00018947199073780172
206,206,OKHLA,South East,-0.45746370769104994,0.2895542856495321,11.720324831088135,151.64965082840422,1528.2168331151304,0.00018947199073780172
88,88,QASABPURA,Central,-0.5379048563656856,0.14578691401920985,3.631734304686202,6.701259523443054,70.64432953911674,0.002063674678042233
89,89,PAHAR GANJ,Central,-0.24061130712140305,0.0,0.0,0.0,0.0,0.0
150,150,PUSA,Central,-0.2679600941112761,0.3531718838307631,43.298802387952605,262.6447627995359,2669.7464303833112,0.00013228667704592598
151,151,INDER PURI,New Delhi,-0.30912627376493407,0.08443086129938812,1.2958789884039472,10.06313424181619,101.92722140656583,0.0008283445789401358
152,152,NARAINA,New Delhi,-0.3690360636077582,0.18665898331009428,7.129176235371374,25.077952511952322,257.90870135489456,0.0007237405420165292
173,173,DEOLI,South,-0.42673179317840243,0.5324778764521616,75.88784833177624,497.5846942865267,5051.734791197043,0.0001054049546266624
174,174,CHHATARPUR,South,-0.33119177379762593,0.5493147645390561,84.19885483051857,591.9488081390562,6003.686936221081,9.149623729126714e-05
175,175,AYA NAGAR,South,0.13054551944605688,1.0764735136218353,237.37074684380042,1557.9471542761667,15816.842289605467,6.805868667788421e-05
176,176,BHATI,South,0.858679027273734,1.6405402035030572,316.88983756512533,2211.668426245657,22433.574100021695,7.312879330723309e-05
207,207,MADANPUR KHADAR,South East,-0.47394555077380646,0.4897807397058128,59.64838070265031,397.75425489893695,4037.19092969202,0.000121317209969818
207,207,MADANPUR KHADAR,South East,-0.47394555077380646,0.4897807397058128,59.64838070265031,397.75425489893695,4037.19092969202,0.000121317209969818
208,208,SARITA VIHAR,South East,-0.44164694056134,0.44864038982357535,45.16989448195259,335.53482634616796,3400.518157943632,0.00013193294932874175
208,208,SARITA VIHAR,South East,-0.44164694056134,0.44864038982357535,45.16989448195259,335.53482634616796,3400.518157943632,0.00013193294932874175
231,231,GHONDLI,East,-0.6591731827260952,0.2941777433595677,6.63166780796174,48.7345587812343,493.9772556203047,0.0005955289236739509
232,232,ANARKALI,East,-0.4970082553470733,0.13006644533578565,3.526851614502041,6.53461935793329,68.87304519383494,0.0018884956366869029
234,234,GANDHI NAGAR,Shahdara,-0.6034103587300964,0.1592265642940982,2.4244055538583,32.38385838137088,326.2629893675671,0.00048803134122646656
235,235,AZAD NAGAR,Shahdara,-0.6748398753300172,0.1663210557235948,4.611251284013954,23.084640720246494,235.4576584864789,0.0007063735229170274
236,236,RAGHUBAR PURA,Shahdara,-0.43902639720678316,0.014540418768600849,0.7623380634642775,0.0,0.7623380634642775,0.01907345237813742
237,237,SHAHDARA,Shahdara,-0.5891524334511063,0.09969583943887594,2.59977507827112,11.009851821742942,112.69829329570054,0.0008846259914194702
238,238,JHILMIL,Shahdara,-0.6278389193582669,0.17294245420196286,4.097778800635438,40.28900810735326,406.987859874168,0.00042493270992163763
239,239,VIVEK VIHAR,Shahdara,-0.40374145283072116,0.08538898165184061,0.0,45.75952505947393,457.5952505947393,0.00018660373231731194
240,240,DILSHAD COLONY,Shahdara,-0.2861557819242978,0.0,0.0,0.0,0.0,0.0
103,103,PUNJABI BAGH,West,-0.1262694219847535,0.0,0.0,0.0,0.0,0.0
96,96,NEW RANJIT NAGAR,West,-0.2808937173830692,0.09035770443501956,2.261712370864427,0.0,2.261712370864427,0.03995101479704681
97,97,KIRTI NAGAR,West,-0.27806428737879507,0.12784062276450783,9.35253894839704,20.21910679434356,211.54360689183264,0.0006043227901908259
98,98,MANSAROWER GARDEN,New Delhi,-0.43689811728171074,0.19706583934082494,4.018410643815013,43.32237535263882,437.24216417020324,0.00045070182038451197
122,122,HASTSAL,South West,-0.380853352882358,0.4596660653147753,57.81939337992684,417.07111730136705,4228.530566393597,0.00010870586320644802
71,71,SANGAM PARK,North West,0.07282491395873611,0.0,0.0,0.0,0.0,0.0
72,72,MODEL TOWN,Central,0.03355915731158355,0.06794042388393737,4.099080721294719,0.0,4.099080721294719,0.016574551341331827
69,69,KAMLA NAGAR,Central,-0.2400888396964792,0.05525481895825335,1.123037073287971,17.105409629544464,172.17713336873263,0.0003209184511139428
74,74,INDER LOK COLONY,Central,-0.2706030418063412,0.078950028709031,2.6774582645672873,19.7184984092312,199.86244235687928,0.0003950218349061345
76,76,DEPUTY GANJ,Central,-0.25572526904141135,0.03248931952735601,1.0495297657150335,0.0,1.0495297657150335,0.030956072479054755
77,77,KASHMERE GATE,Central,1.3377142007880027,0.0,0.0,0.0,0.0,0.0
78,78,MAJNU KA TILA,Central,0.11469489044434185,0.0,0.0,0.0,0.0,0.0
79,79,JAMA MASJID,Central,0.05969377402971059,0.0,0.0,0.0,0.0,0.0
114,114,TILAK NAGAR,West,-0.16318936945479004,0.061489442444018313,2.4851295239916182,0.0,2.4851295239916182,0.02474295276187896
115,115,MAJOR BHUPINDAR SINGH NAGAR,West,-0.586357944362573,0.24632899206762987,5.3246317216540335,31.733645656255245,322.66108828420647,0.0007634294961836081
116,116,VIKASPURI EAST,West,-0.3526631702698166,0.17906973533740977,4.886201370430334,61.59571562605516,620.8433576309819,0.0002884298158885307
126,126,NAWADA,West,0.6442926003220217,0.0,0.0,0.0,0.0,0.0
127,127,UTTAM NAGAR,South West,0.1633269118406888,0.0,0.0,0.0,0.0,0.0
129,129,DABRI,New Delhi,-0.007876554742139462,0.0,0.0,0.0,0.0,0.0
136,136,MATIALA,New Delhi,-0.19905810453082526,0.33818403601907554,38.30099514579314,370.996378789762,3748.264783043413,9.022415853567205e-05
137,137,ROSHANPURA,South West,0.22212569687396005,0.22396264971645946,41.163544950247235,0.0,41.163544950247235,0.005440800834372102
209,209,MAYUR VIHAR PHASE-I,East,-0.5111309658686032,0.292086102753204,7.454441962946081,64.16393316378456,649.0937736007918,0.00044999060941908523
21,21,ROHINI,North West,-0.3839303761068178,0.26164416966404447,14.280762998763874,154.43688187103783,1558.6495817091422,0.00016786593518792713
210,210,DALLOPURA,East,-0.39324035270269325,0.11052953639689911,0.0,21.735873796246743,217.35873796246744,0.0005085120452598338
211,211,TRILOK PURI,South East,-0.536361667397039,0.3940665502076893,25.27672816015571,160.75879063102613,1632.864634470417,0.0002413344878004873
213,213,KALYAN PURI,East,-0.2984923282250242,0.0,0.0,0.0,0.0,0.0
214,214,KHICHRIPUR,East,-0.3081501598024522,0.2434718307770889,7.284796628712333,150.42943589007763,1511.5791555294886,0.00016107117505972915
215,215,KONDLI,East,-0.553416943036617,0.2912039818367129,7.745714648296951,63.54525200820404,643.1982347303373,0.0004527437516341261
216,216,GHAROLI,East,-0.47118834990204134,0.23307029436003338,6.289691944546128,66.6408782323674,672.6984742682201,0.0003464706748639904
217,217,VINOD NAGAR,East,0.21396134729263924,0.0,0.0,0.0,0.0,0.0
68,68,ASHOK VIHAR,North West,-0.4637351402073563,0.2430749534908718,9.272714724726972,50.53023996059188,514.5751143306458,0.0004723799241760631
67,67,WAJIRPUR,North West,-0.3351294636342832,0.12418360303339329,0.0,46.47347671899712,464.7347671899712,0.0002672139288911069
66,66,SAWAN PARK,Central,-0.5781815340568034,0.3866533747552789,16.657827857984945,114.07370337001326,1157.3948615581176,0.00033407213700121423
65,65,NIMRI COLONY,Central,-0.5764870172806514,0.28270913853479834,5.467760228536743,57.700127607959104,582.4690363081277,0.0004853633771268128
64,64,SHAKUR PUR,North West,-0.21341415785794088,0.0,0.0,0.0,0.0,0.0
63,63,KOHAT ENCLAVE,West,0.09111875354259343,0.029911024041717096,0.0,7.8393522576787,78.39352257678699,0.0003815496875017638
62,62,RAMPURA,West,-0.23914016273694602,0.04502132960998978,0.7975620409821267,15.501198662735474,155.80954866833684,0.00028895103024484875
61,61,TRI NAGAR,West,-0.5286119467526594,0.20041326024226636,2.150429726223902,34.59839454214233,348.1343751476472,0.0005756778834514503
60,60,SARASWATI VIHAR,West,-0.34425799343794283,0.22781378519888618,12.879761521486161,88.72241103173897,900.1038718388759,0.0002530972172502921
59,59,RANI BAGH,West,-0.297527894147651,0.1422496154223818,11.989236882223475,12.851515801113617,140.50439489335966,0.0010124211098829635
58,58,PASCHIM VIHAR NORTH,West,-0.0961337608480793,0.0999313564950426,5.176567693363851,0.0,5.176567693363851,0.019304559004192288
57,57,PASCHIM VIHAR SOUTH,West,-0.29356521158528126,0.12247904419417396,6.204394754811658,28.703071978948387,293.2351145442955,0.000417682051428581
56,56,SHALIMAR BAGH SOUTH,North West,-0.5030595149295847,0.3000962643151404,12.092000744358621,68.86941741528987,700.7861748972574,0.0004282280031547561
54,54,PITAMPUR NORTH,North West,-0.391455611405469,0.1943610754427149,10.547295512304292,31.87024515496905,329.2497470619948,0.0005903150334251528
53,53,PITAMPURA SOUTH,North West,0.027709697497691668,0.0,0.0,0.0,0.0,0.0
52,52,NAHARPUR,North West,-0.34129495932805237,0.10827687532784827,0.0,26.1248323501423,261.248323501423,0.0004144595987305696
51,51,ROHINI EAST,North West,-0.03720909427177778,0.0,0.0,0.0,0.0,0.0
50,50,ROHINI CENTRAL,North West,-0.448204362813134,0.2765514046970116,11.7023794125809,101.94837141508724,1031.1860935634534,0.0002681876786575633
48,48,MANGOLPURI  WEST,West,-0.07561763401674762,0.0,0.0,0.0,0.0,0.0
46,46,MANGOLPURI  EAST,West,0.4983560291972232,0.0,0.0,0.0,0.0,0.0
45,45,ROHINI SOUTH,North West,-0.18962788151471052,0.02165287250984277,1.3126366720460994,0.0,1.3126366720460994,0.016495708945564656
43,43,NANGLOI EAST,West,0.04381978654511513,0.005813260287267613,0.3103212589635581,0.0,0.3103212589635581,0.018733039070382353
42,42,PERAGHARHI,West,0.2164191699483578,0.1204285048427935,4.046524768383546,0.0,4.046524768383546,0.029760970636821225
41,41,GURU HARKISHAN NAGAR,West,-0.44458488076293107,0.26849644080730134,8.81600647234988,100.65513116406716,1015.3673181130214,0.0002644328175797661
37,37,SULTANPURI  EAST,North West,-0.22318949839963306,0.01911038466542475,0.0,2.8090051316115394,28.090051316115392,0.0006803257299063996
29,29,KARALA,North West,0.4679823904778674,0.9545025757547022,213.06738659318904,1361.7123134581689,13830.190521174878,6.901586599933172e-05
27,27,BEGUMPUR,North West,1.0033910581359695,1.5033979403867144,295.23617061273785,1868.925432413614,18984.49049474888,7.919085006797922e-05
25,25,POOTH KALAN,North West,-0.35925483092689886,0.3244196939950714,36.51495813116462,265.9184904466793,2695.6998625979577,0.00012034711226430615
24,24,VIJAY VIHAR,North West,-0.35371926169232537,0.10160115073957227,4.691717211116295,14.26082314544603,147.2999486655766,0.0006897568645427932
230,230,GEETA COLONY,East,-0.4768371427476825,0.16204960669245427,1.4070016806001646,39.3041722742296,394.44872442289613,0.0004108255310728472
229,229,KRISHNA  NAGAR,East,-0.44988967398710206,0.2214750520670637,6.327368013032037,58.886408133551434,595.1914493485464,0.0003721072476916498
228,228,PREET VIHAR,East,-0.13970909277379487,0.03538767855123057,3.2261648738643967,0.0,3.2261648738643967,0.010968961576310632
227,227,I.P EXTENTION,East,0.03121799773216254,0.0,0.0,0.0,0.0,0.0
225,225,ANAND VIHAR,Shahdara,-0.3656183874370439,0.09143343420510386,0.0,84.08032863791014,840.8032863791015,0.00010874533399928887
223,223,SHAKARPUR,East,-0.32315037281491016,0.0712952455402629,2.640681352987737,0.0,2.640681352987737,0.0269988067407674
222,222,LAXMI NAGAR,East,-0.4269250437624692,0.12102323273685761,3.8852806575506773,0.8704535109616341,12.589815767167018,0.009612788222275764
22,22,RITHALA,North West,-0.30851610383139466,0.09971129795828226,0.0,39.82301339376158,398.2301339376158,0.00025038611963416115
219,219,MAYUR VIHAR PHASE II,East,-0.3483866285746863,0.13662718917637998,0.0,63.00860647276906,630.0860647276907,0.00021683893173420746
218,218,MANDAWALI,East,-0.6085360563926001,0.27797672529334677,4.783436973067888,39.20675183527777,396.8509553258456,0.000700456233157876
100,100,KARAM PURA,Central,-0.21536960870614633,0.014445583259973027,0.8287262120867865,0.6705587912461626,7.534314124548413,0.0019173056789587404
147,147,MAHAVIR ENCLAVE,South West,0.05202446227737724,0.0,0.0,0.0,0.0,0.0
30,30,MUNDAKA,South West,1.5615259274377367,1.7366532939794312,323.69269701415,1887.710136529177,19200.79406230592,9.044695174293107e-05
95,95,EAST PATEL NAGAR,Central,-0.3994116791192458,0.19653163833135837,11.824512482210613,22.15996478102896,233.42416029250023,0.0008419507136032775
94,94,WEST PATEL NAGAR,West,-0.599761357695465,0.258238995814355,6.946654570860511,31.787285402583873,324.8195085966992,0.0007950230481205283
92,92,DEV NAGAR,Central,-0.5881550254566763,0.21746554526961037,2.6656611664356094,28.922356345579153,291.8892246222271,0.000745027657496835
91,91,KAROL BAGH,Central,0.33512621663963027,0.0,0.0,0.0,0.0,0.0
90,90,MODEL BASTI,Central,0.22491400107854848,0.0,0.0,0.0,0.0,0.0
70,70,RANA PRATAP BAGH,Central,-0.3143008403229993,0.05210372622324505,2.290159930913335,0.05959651681904346,2.8861250991037695,0.018053176635126345
4,4,BAKHTAWAR PUR,Central,1.3730931203022165,2.0541657865647553,366.6566071927188,2501.093008116163,25377.586688354353,8.094409495239044e-05
3,3,ALIPUR,North,1.183350975517761,1.597687140178363,294.6971033910376,1993.232863177425,20227.025735165287,7.898774447103497e-05
26,26,SAHIBABAD DAULAT PUR,North West,-0.17788612746156313,0.4104046942539473,66.0246431736983,349.3303603669826,3559.328246843524,0.00011530397473674597
2,2,BANKNER,North,-0.036310691448356774,0.609138771430165,115.50587691556181,752.9616082612932,7645.121959528495,7.967678928534102e-05
9,9,MALKAGANJ,Central,-0.1814140889552093,0.0,0.0,0.0,0.0,0.0
8,8,JHARODA,Central,-0.33905643422911935,0.5232552504909809,74.74403696096755,570.9173556744014,5783.917593704981,9.046727274613724e-05
6,6,MUKUND PUR,Central,-0.4384092155311264,0.3684986478179771,27.5599840083684,225.8408593800415,2285.9685778087833,0.00016120022444535983
28,28,BAWANA,North West,1.9447751458010623,1.86446395519234,318.3566577336353,1964.475603673893,19963.112694472566,9.339545309026302e-05
19,19,BHALSWA,North West,-0.48480104301017884,0.34691491275700354,22.814611723416256,119.74723959590169,1220.287007682433,0.00028428960611125365
17,17,SAMAYPUR BADLI,North West,-0.31867222800679423,0.15221218101442435,8.029064662999382,38.07733551556207,388.8024198186201,0.0003914897985589731
16,16,JAHANGIRPURI-I,North,-0.5847042653002646,0.18329779056145834,1.4140840299077992,21.765995477650332,219.07403880641112,0.0008366933460454262
15,15,SARAI PIPAL THALA,North West,1.008583589749168,0.0,0.0,0.0,0.0,0.0
144,144,MAHIPALPUR,South,-0.2912333484196588,0.35375810394243423,36.16622520693173,206.02778047545146,2096.4440299614466,0.00016874197397426873
143,143,KAPASHERA,New Delhi,0.08066224127115545,0.5505300396946822,111.68190554988311,582.6930948569811,5938.612854119694,9.270347355825351e-05
141,141,BIJWASAN,New Delhi,0.09703327465421666,0.5628172756975419,99.19963655067724,734.2020090028235,7441.219726578913,7.56350835451301e-05
14,14,ADARASH  NAGAR,North,-0.2584965403320969,0.07780827185809813,3.0647523447423395,0.0,3.0647523447423395,0.025388110711846615
13,13,DHIR PUR,Central,-0.4079011661277991,0.3947384671622916,37.10254219813165,273.54530160515475,2772.555558249679,0.0001423735102395382
12,12,G.T.B. NAGAR,Central,-0.08645108101173195,0.0,0.0,0.0,0.0,0.0
10,10,TIMAR PUR,Central,-0.03620304472795416,0.0,0.0,0.0,0.0,0.0
101,101,RAJA GARDEN,West,-0.3514680177453337,0.13540550633935974,2.6280321516486747,43.362662431358636,436.25465646523503,0.0003103818018498097
102,102,RAGHUBIR NAGAR,West,-0.6686595944713546,0.22003042076832285,2.673295331665605,28.455240875698777,287.2257040886534,0.0007660540739753692
105,105,RAJOURI GARDEN,New Delhi,-0.3812833762869318,0.19028780556670427,7.008552897766948,42.84246525972007,435.4332054949677,0.0004370080259496113
110,110,NANGAL RAYA,New Delhi,0.2553195340333875,0.0,0.0,0.0,0.0,0.0
111,111,HARI NAGAR,New Delhi,0.11673140510338398,0.0,0.0,0.0,0.0,0.0
112,112,SUBHASH NAGAR,New Delhi,-0.5231413636015033,0.2696054830291113,8.476312574013479,36.27272840404395,371.20359661445303,0.000726300837296057
148,148,MADHU VIHAR,South West,-0.6212621512090974,0.30481286104717586,8.190024248488879,51.890159358169235,527.0916178301812,0.0005782919908713146
23,23,BUDH VIHAR,North West,-0.3997413513653398,0.13282477883367255,5.587016531656709,28.095369119494215,286.5407077265989,0.00046354592995541486
31,31,NANGLOI JAT WEST,West,-0.21815576033039694,0.12322187261423084,6.456335586797299,0.0,6.456335586797299,0.01908541942075076
34,34,NITHARI,West,-0.3918164049375926,0.3140516013175873,24.274352790804265,182.49630522694667,1849.237405060271,0.0001698276275712592
39,39,SULTANPUR MAJRA,North West,-0.25109649166445,0.006391033498026,0.017488077376394923,0.6982989823119922,7.000477900496317,0.0009129424573513686
49,49,ROHINI NORTH,North West,-0.20614508415424238,0.1224880439141167,0.0,68.55459494801542,685.5459494801541,0.0001786722596885301
18,18,LIBAS PUR,North,-0.4303432494259277,0.40445667382051914,41.12525893474864,203.07527941236168,2071.8780530583654,0.00019521258658215552
254,254,BRAHAM PURI,North East,-0.5789327638875091,0.22506797717176585,3.974404705158746,39.96812931772426,403.6556978824014,0.000557574136453236
139,139,DICHAON KALAN,South West,0.23317651918031465,0.9054471725599279,182.23466950864832,1278.9254260437554,12971.488929946203,6.98028713164552e-05
99,99,MOTI NAGAR,West,-0.11475479957962437,0.00978819318778526,0.24305153809545885,0.0,0.24305153809545885,0.040272088891981604
47,47,MANGOLPURI,North West,0.1264298702658053,0.0,0.0,0.0,0.0,0.0
155,155,LAJPAT NAGAR,South East,-0.5240708758943139,0.30453934337410027,9.982636149388526,59.60610405939435,606.0436767433321,0.0005025039531970473
155,155,LAJPAT NAGAR,South East,-0.5240708758943139,0.30453934337410027,9.982636149388526,59.60610405939435,606.0436767433321,0.0005025039531970473
145,145,PALAM,New Delhi,-0.45959811150783947,0.29284323904891324,13.131673531110094,91.71229118259294,930.2545853570394,0.0003147990277695893
172,172,KISHANGARH,South,-0.1107068235994791,0.7721742390545546,153.34896704195808,1040.107710633507,10554.426073377028,7.316117747058264e-05
226,226,VISHWASH NAGAR,East,-0.49518763098696594,0.20423394864693345,5.031706010461968,26.85842056745872,273.6159116850491,0.0007464257008608274
104,104,MADIPUR,West,-0.030677739951930037,0.0,0.0,0.0,0.0,0.0
149,149,RAJENDER NAGAR,Central,-0.16839159533149564,0.06197625203473002,3.6498251341652423,21.77454524921885,221.39527762635373,0.00027993484187610677
167,167,R. K. PURAM,South,0.3895865472704084,0.0,0.0,0.0,0.0,0.0
163,163,SAFDARJANG ENCLAVE,South East,-0.46739357944927806,0.3526393457675288,19.580090110515904,143.73575990325241,1456.93768914304,0.0002420414739731983
164,164,HAUZ KHAS,South East,-0.38619168799029363,0.2060099210095102,4.207049862125417,68.13604343819945,685.56748424412,0.00030049546652048155
158,158,KOTLA MUBARAKPUR,South East,-0.37789532829149075,0.11568618234766948,3.2634745060489947,12.88569117071197,132.1203862131687,0.0008756118995908839
130,130,MANGLAPURI,South West,-0.3223800356149973,0.13367073879908356,3.3665609163242673,41.69242195645489,420.2907804808732,0.00031804347134578337
38,38,MANGOL PURI  NORTH,North West,-0.5637605959306664,0.1830663782961911,1.3700330740021922,20.478921287448898,206.15924594849116,0.0008879852924037286
169,169,LADOSARAI,South,-0.27138552298058616,0.24581500939791182,16.973275905525497,158.63542524251474,1603.327528330673,0.00015331552976807693
1,1,NARELA,North,-0.00511856615317965,0.5300102382331134,102.0446794507134,595.8548482189572,6060.593161640285,8.745187543484274e-05
5,5,BHALASWA JAHAGIR PUR,Central,-0.35002967902054377,0.4872848706207105,85.31641435720124,511.7149278572119,5202.46569292932,9.366421604334394e-05
7,7,BURARI,Central,-0.26783825584100035,0.6535507205684253,119.9913389176067,825.136176407519,8371.353102992796,7.806990250294183e-05
220,220,PATPARGANJ,East,-0.42141276015506535,0.2572660878416997,5.673378577188015,46.073847503828496,466.411853615473,0.0005515856551391331
224,224,PANDAV NAGAR,East,-0.4194882396152622,0.18242959190325056,6.304231321384817,29.701896799314774,303.32319931453253,0.0006014363303397636
221,221,KISHAN KUNJ,East,-0.4323296942015107,0.1415015356522938,2.298680232045394,29.115122180166722,293.44990203371265,0.0004821999757749292
233,233,DHARAMPURA,Shahdara,-0.3675048848290259,0.0,0.0,0.0,0.0,0.0
251,251,NEW USMANPUR,Shahdara,-0.4733296530106587,0.0748395973510359,2.6428518734605233,20.42550796901512,206.8979315636117,0.0003617223081211153
253,253,BHAJANPURA,North East,-0.45747340789124014,0.1450013088117854,1.7915168166061037,28.293139703428,284.7229138508861,0.0005092716523940031
267,267,NEHRU VIHAR,North East,-0.9477100895522331,0.019290073206860603,0.06265704528216663,5.925193891136362,59.31459595664579,0.0003252162961817169
170,170,MEHRAULI,South,-0.305262738467141,0.13040015076728065,5.3414499027761355,39.596242054511535,401.30387044789154,0.00032494117393240513
205,205,ZAKIR NAGAR,South East,-0.5603208978203298,0.35363176677106817,17.37970253729839,119.81179675141564,1215.4976700514549,0.00029093578332882133
205,205,ZAKIR NAGAR,South East,-0.5603208978203298,0.35363176677106817,17.37970253729839,119.81179675141564,1215.4976700514549,0.00029093578332882133
138,138,NAJAFGARH,South West,2.8257771507343707,0.0,0.0,0.0,0.0,0.0
20,20,JAHANGIR PURI -II,North,-0.4179492460630277,0.24358310995900775,2.6699279397953135,20.950162337113927,212.17155131093457,0.0011480479284467875
121,121,KUNWAR SINGH NAGAR,West,-0.4148078029817475,0.312378854466087,32.92280926355816,191.82340718802746,1951.1568811438326,0.00016009930184742504
124,124,VIKAS NAGAR,West,-0.38600238931898884,0.21994922024383562,4.8515747462707886,73.3363259377934,738.2148341242048,0.00029794744033351565
123,123,VIKAS PURI,West,-0.18693047394440906,0.10993998989835045,5.050848879959753,0.0,5.050848879959753,0.021766636161456458
113,113,MAHAVIR NAGAR,West,0.3444430973638046,0.0,0.0,0.0,0.0,0.0
153,153,DARYAGANJ,Central,0.1876207171191851,0.0,0.0,0.0,0.0,0.0
93,93,BALJIT NAGAR,West,-0.6487739263992424,0.14299731313638842,1.9099103738297936,6.963496862950312,71.54487900333291,0.0019987078757618443
32,32,NILOTHI,West,-0.3473746379328899,0.21485347475405567,17.222110128099178,55.95345113040597,576.7566214321589,0.0003725201701545707
73,73,SHASTRI NAGAR,Central,-0.4425385729525907,0.16465204524401206,3.7922246584806256,29.331485222342874,297.10707688190934,0.0005541841916774735
270,270,TUKHMIR PUR,North East,-0.4635065464324867,0.12706457437663088,0.0,14.507879393513356,145.07879393513355,0.0008758314770149464
